Name;Id;D.O.B.;died;Appointed;Date;Age;Noble rank;Family;Spouse(s) / Father of Spouse / Date of Marriage
Ingemar Petri;162;;1530;1495;;;Estate unknown, Bishop;;
Tre Rosor, Ture Jönsson;231;;1532;1497;;;Uradel (Ancient Nobility);Father CR, Father-in-law CR, Sons 228, 230, Son (illegitimate) 175;Anna Johansdotter/Johan Christiernsson Vasa (CR)
Ulv, Bengt Arendsson;238;;1537;1501;;;Uradel (Ancient Nobility);Father CR, Brother 239, Father-in-law CR, Son-in-law CR, Son-in-law II CR;Kerstin Oxenstierna/David Bengtsson Oxenstierna (CR)
Ulv, Johan Arendsson;239;;1523;1501;;;Uradel (Ancient Nobility);Father CR, Brother 238;Agnes Knutsdotter/ Knut Aslaksson Baad af Norge
Kurck, Knut Eriksson;113;by 1460;1535;1504;;;Uradel (Ancient Nobility);Son CR;Elin Kurck /Klas Kurck/ before 4.8. 1489
Posse, Axel Nilsson;163;;c. 1552;1504;;;Uradel (Ancient Nobility);Father CR, Father-in-law CR, Father-in-law II 105, Son 166, Sons-in-law 17, 33, and 13;1. Elsa Nilsdotter Clausen/Nils Clausen (CR)/ 2. Anna Axelsdotter/Axel Mattson Hällekisätten / Vinstorpasläkten (CR)/
Brask, Hans;41;1464;1538;1506;;40;Commoner, Bishop;No Relatives;Unmarried (Catholic bishop)
Stolaätten, Nils Claesson;214;1470;1532;1508;;38;Uradel (Ancient Nobility);Son-in-law III 132;Ebba Arendsdotter Ulv/ Arend Bengtsson Ulv
Gera, Holger Karlsson;74;1470;1541;1509;;39;Uradel (Ancient Nobility);Father CR, Maternal Grandfather CR, Father-in-law CR, Sons 76 and 75, Sons-in-law 25 and 120;Brita Nilsdotter Grip/Nils Bosson Grip (CR)/29.4.1514
Bååt, Henrik Erlandsson;45;;1527;1512;19.1.;;Uradel (Ancient Nobility);Brother 47;Elin/ probably Ulf Pedersson (Ros) till Ervalla
Hällekisättenten, Axel Matsson (younger Vinstorpasläkten);105;by 1475;by 1526;1512;;;Uradel (Ancient Nobility);Son-in-law 163;Brita Eriksdotter/Erik Nilsson/1493
Mikael Nilsson;139;;;1520;;;Uradel (Ancient Nobility)?;No relatives;
Magnus Haraldsson;137;by 1480;by 1550;1522;;;Estate unknowm, Bishop;;Probably unmarried
Bonde, Tord Magnusson;34;1480;1545;1523;3.6.;43;Uradel (Ancient Nobility);Son 33;Ingrid Admunsdotter Kusse/Amund Kusse/2.10.1514
Bååt, Per Erlandsson;47;by 1472;1540;1523;3.6.;;Uradel (Ancient Nobility);Brother 45, Sons 42, and 46;Märta Björnsdotter/Björn Jönisson (Pukehorn)
Erik Svensson;60;1470s;by 1541;1523;;;Estate unknown, Bishop;;
Fleming, Erik Joakimsson;66;1487;1548;1523;3.6.;36;Uradel (Ancient Nobility);Brother 68, Father-in-law CR, Son 64;Hebbla Siggesdotter/Sigge Larsson Sparre (CR)/ before 1524
Fleming, Ivar Joakimsson;68;before 1487;1548;1523;3.6.;36;Uradel (Ancient Nobility);Brother 66;Märta (Metta)/Gotskalk Andersson (Ulv)/f. 12.1.1528
Forstenaätten, Per Hansson;71;;most likely 1546;1523;3.6.;;Uradel (Ancient Nobility);No relatives;Märta Andersdotter/ Anders Ragvaldsson/ by 1525
Johannes Magni;136;;1544;1523;;;Commoner, Bishop;;
Lepasätten, Björn Claesson;124;;1550;1523;3.6.;;Uradel (Ancient Nobility);Son-in-law 51;Carin Göransdotter Stiernskiöld/Göran Hansson Stiernskiöld
Lillie af Ökna, Axel Andersson;128;;1546;1523;3.6.;;Uradel (Ancient Nobility);Brother 130;Margaretha Mikaelsdotter/Mikael Eriksson Björnlår till Kasby
Lillie af Ökna, Knut Andersson;130;c. 1478;1546;1523;3.6.;45;Uradel (Ancient Nobility), Knight 12.1.1528;Brother 128, Father-in-law CR, Son 131;Märta Göransdotter/Göran Hansson  Stiernskiöld (CR)
Lilliesparre, Ture Bengtsson;127;;1524;1523;;;Uradel (Ancient Nobility);Father CR, Father-in-law CR;Anna Pedersdotter/Peder Turesson Bielke (CR)/ soon after 11.11.1522
Melen, Berend Hansson von;138;;1561;1523;3.6.;;Uradel (Ancient Nobility) (German);Wife Cousin of Gustav I;1. Margaretha Eriksdotter Vasa/Erik Vasa 2. Elisabeth von Warberg
Sommar, Magnus;186;;most likely 1542;1523;;;Commoner,Bishop;No relatives;
Sparre af Rossvik, Lars Siggesson;198;;1554;1523;;;Uradel (Ancient Nobility);Father CR, II Father-in-law 233, Son 193;1. Anna Vinge/Lindorm Björsson Vinge/14.6.1521 2. Brita Trolle/Ture Arvidsson Trolle (CR)/2.3.1549
Sunnanväder, Per Jakobsson;218;c. 1470;1527;1523;;53;Estate unknown, Bishop;No relatives;
Vinge, Nils Olofsson;242;;by 1529;1523;;;Uradel (Ancient Nobility);Father CR, Father-in-law CR;1 . Barbro Siggesdotter/Sigge Laurensson Sparre younger (af Rossvik)/f. 1503 2. Ingrid Haraldsdotter/Harald Karlsson Lake/1510
Hoya, Johan af ;103;;1535;1524;00.10.;;Uradel (Ancient Nobility), countship (German);Father-in-law CR, Brother-in-law Gustav I;Margareta Eriksdotter/ Erik Johansson Vasa (CR)/15.1.1525
Kyle, Claes Påvelsson;114;;1536;1524;;;Uradel (Ancient Nobility);Father CR, Father-in-law CR, Son 115;Margaretha Pedersdotter/Peder Ragvaldsson Fargalt (CR)
Laurentius Andrae;117;1470s;1552;1524;27.7.;;Estate unknown, Bishop;;
Per Månsson;161;;1534;1524;27.7.;;Commoner,Bishop;;
Hård av Häringe, Per Larsson;104;;by 1537;1526;;;Uradel (Ancient Nobility);Father-in-law CR, Succ. Mat. 46;Kerstin Tott/Aage Jörgensen Tott (CR)
Bielke, Ture Eriksson;22;1490s;1533;1528;12.1.;;Uradel (Ancient Nobility);Father CR, Father-in-law CR, Ant. Mat. CR, Brother 13, Son-in-law 187;Birgitta Bengtsdotter/Bengt Gregersson (Lilje) (CR)/ 20.1.1523
Lilliehöök af Fårdala, Måns Bryntesson;133;by 1493;1529;1528;12.1.;;Uradel (Ancient Nobility);Son-in-law 118, Brother's son 132;Brita Jönsdotter/Jöns Ulfsson Roos af Ervalla/7.1.1528
Tre Rosor, Johan Turesson;228;1485;1556;1528;;43;Uradel (Ancient Nobility);Father 231, Father-in-law CR, Ant. Mat. CR and Regent of Sweden Sten Sture younger, Son 227;Christina Gyllenstierna/Nils Eriksson Gyllenstierna (CR)
Trolle, Erik Arvidsson;232;c. 1460;1530;1528;;68;Uradel (Ancient Nobility);Father CR, Brother 233, Ant. Mat. CR, Father-in-law II CR, Son-in-law 153;1. Ingeborg Tott/Philip Axelsson Tott 2. Karin Gyllenstierna/Erik Eriksson Gyllenstierna (CR)
Färla, Bengt Nilsson;73;;1546;1529;;;Uradel (Ancient Nobility);Father-in-law CR, Son 72, Son-in-law 76;Bengta Åkesdotter/Åke Jöransson Tott (CR)
Gyllenhorn, Joen Olsson;82;;1556;1529;00.6.;;Uradel (Ancient Nobility);Son-in-law 44;Karin Bese/Nils Nilsson Bese/1529
Natt och Dag, Måns Johansson;142;1498;1555;1529;00.6.;31;Uradel (Ancient Nobility);;Barbro Eriksdotter/Erik Turesson Bielke/ probably 27.6.1524
Sledorn, Henrik;185;;;1529;;;Estate unknown, Bishop;No relatives;
Grip, Birger Nilsson;77;;1565;1530;by 30.2.;;Uradel (Ancient Nobility);Father CR, Maternal Grandfather CR, Sons 78, 79, and 80, Son-in-law 33;Brita Joakimsdotter/Joakim Brahe/3.11.1533
Gyllenstierna, Carl Eriksson;83;1496;1541;1530;;34;Uradel (Ancient Nobility);Father CR, Brother 88, Father-in-law CR, Succ. Mat. 210, Son 85, Son-in-law 225;Marina Grip/Nils Bosson Grip (CR)
Sven Jakobsson;219;;;1530;;;Estate unknown, Bishop;No relatives;
Ekeblad av Hedåker, Christoffer Andersson;59;;1548;1532;;;Uradel (Ancient Nobility);Son-in-law 227;Brita Jönsdotter (Roos av Ervalla)/Jöns Roos av Ervalla
Krumme, Nils Nilsson;109;;1562;1534;;;Uradel (Ancient Nobility);Maternal Grandfather CR (Norway), Father-in-law CR, Son-in-law II 42;1. Margareta Sparre af Rossvik/Sigge Laurensson Sparre af Rossvik (CR)/3.3.1527 2. Margareta Tomasdotter Ryting/Tomas Jönsson Ryting / 5.2.1559 3.  Possibly married to Karin Fincke
Stenbock, Gustaf Olofsson;206;1502;1571;1534;before 20.5.;32;Uradel (Ancient Nobility), barony 29.6.1561;Father-in-law CR, Sons 203, 208, Sons-in-law Gustav I, 40, 64, and 227;Brita Eriksdotter/Erik Abrahamsson Leijonhufvud (CR)/00.9.1531
Trolle, Ture Arvidsson;233;c. 1490;1555;1534;;44;Uradel (Ancient Nobility);Brother 232, Father-in-law CR, Son-in-law 43, II Son-in-law 198;Magdalena Eriksdotter Gyllenstierna/Erik Eriksson Gyllenstierna (CR)
Pyhy, Conrad von;168;c. 1500;1553;1538;;38;Unknown;;1. Anna von Kökeritz/t. 1549 2. Katarina Unverdin från Leipzig
Kurck, Jöns Knutsson;262;1503;1577;1539;;36;Uradel (Ancient Nobility);Father 113, Son-in-law 209;1. Elin Nilsdotter/Nils Månsson Grabbe 2.  Ingeborg Tott/Tönne Eriksson Tott af Skedebo
Leijonhufvud, Abraham Eriksson;120;1512;1556;1539;end of;27;Uradel (Ancient Nobility);Father CR, Brother 118, Brother-in-law Gustav I, Father-in-law CR, Father-in-law II 74, Son 122;1. Anna Tott/Åke Jöransson Tott  (CR)/22.2.1538 2. Emerentia Gera/Holger Karlsson Gera (CR)/24.2.1555
Banér, Axel Nilsson;4;1513;1554;1540;;27;Uradel (Ancient Nobility);Father-in-law CR, Sons 5 and 9;Margaretha Bielke/Peder Turesson Bielke (CR)/ 8.3.1538
Lewenhaupt (Leijonhufvud), Sten Eriksson;118;1518;1568;1540;00.8.;22;Uradel (Ancient Nobility), barony 29.6.1561, countship at deathbed 1568;Father CR, Brother 120, Father-in-law 133, Sons 121 and 123, Sons-in-law 21, 38 and 79;Ebba Månsdotter/Måns Bryntesson Lilliehöök af Fårdala (CR)/7.10.1548
Norman, Georg;144;;1553;1540;by 4.1.;;Commoner (German origin);;Anna Klasdotter (Uggla)/Klas Hansson (Uggla)/20.10.1551
Brahe, Per d.ä. Joakimsson;40;1520;1590;1542; before 22.8.;22;Uradel (Ancient Nobility), countship 29.6.1561;Maternal Uncle Gustav I, Father-in-law 206, Son-in-law 193, Sons 36, 37 and 38;Beata Stenbock/Gustav Olsson Stenbock (CR)/10.3.1549
Oxenstierna af Eka och Lindö, Gabriel Christersson;153;by 1506;1585;1544;before 20.1.;;Uradel (Ancient Nobility), barony 29.6.1561;Father CR, Father-in-law 232, Sons 150 and 156, Sons-in-law 115, 165 and 169;Beata Eriksdotter Trolle/Erik Arvidsson Trolle (CR)/1538
Sture, Svante Stensson;217;1517;1567;1544;25.7.;27;Uradel (Ancient Nobility), countship 29.6.1561;Father CR and Regent of Sweden, Father-in-law CR, Sons 215 and 216, Sons-in-law 5, 16, 23, 25 and 203;Märtha Leijonhufvud/Erik Abrahamson Leijonhufvud (CR)/3.3.1538
Tre Rosor, Lars Turesson;230;;1560;1544;;;Uradel (Ancient Nobility);Father 231, Father-in-law CR, Ant. Mat. CR, Son-in-law 69;Kerstin Eriksdotter/Erik Eriksson Gyllenstierna (CR)/1528
Bielke, Axel Eriksson;13;c. 1500;1559;1546;00.1.;46;Uradel (Ancient Nobility);Father CR, Father-in-law CR, Father-in-law II 163, Brother 22, Son 17, Sons-in-law 91 and 156;1. Anna Eriksdotter Leijonhufvud/Erik Abrahamson Leijonhufvud 2. Elsa Posse/Axel Nilsson Posse (CR)/7.10.1548
Bååt, Björn Pedersson;42;1510;1570;1547;;37;Uradel (Ancient Nobility);Father 47, Brother 46, Father-in-law CR, Father-in-law II 109, Sons 43 and 44;1. Brita Nilsdotter Grip/Nils Bosson Grip (CR)/1528 2. Cristina Krumme/Nils Nilsson Krumme (CR)/
Bååt, Johan Persson;46;by 1510;1574;1547;;;Uradel (Ancient Nobility);Father 47, Brother 42, Father-in-law CR, Ant. Mat. 104;Kirstin Tott/Åke Göransson (CR)
Bielke, Ture Pedersson;25;1507;1577;1550;;43;Uradel (Ancient Nobility);Father CR, Maternal Grandfather CR, Father-in-law 74, Father-in-law II 217, Sons 18 and 21;1. Karin Gera/Holger Karlsson Gera (CR)/26.12.1540 2. Sigrid Sture/Svante Stensson Sture (CR)/15.2.1562
Gyllenstierna, Göran Eriksson;88;1498;1575;1552;;54;Uradel (Ancient Nobility);Father CR, Brother 83, Father-in-law CR, Son 91;Christina (Kerstin) Grip/Nils Bosson Grip (CR)/ probably 1527
Gera, Jöran Holgersson;75;c. 1520;1588;1554;;34;Uradel (Ancient Nobility), barony 29.6.1561;Father 74, Father-in-law 92;Mätta Gylta/Bengt Gylta (CR)/ by 1.11.1574
Tre Rosor, Gustaf Johansson;227;1531;1566;1556;;25;Uradel (Ancient Nobility), countship 29.6.1561;Father 228, Father-in-law 59, Father-in-law II 206;1. Ingeborg Christoffersdotter/Christoffer Andersson (Ekeblad af Hedåker) (CR) 2. Cecilia Stenbock/Gustaf Johansson Stenbock (CR)
Rosengren, Jacob Turesson;175;;1571;1557;;;Ennobled 1534;Father 231, Father-in-law CR;Märta Ryning/Erik Bengtsson Ryning (CR)
Gera, Karl Holgersson;76;by 1515;1566;1560;;;Uradel (Ancient Nobility), barony 29.6.1561;Father 74, Father-in-law 73, Son-in-law 150;Christina Bengtsdotter/Bengt Nilsson Färla (CR)/7.10.1558
Gyllenstierna, Nils Göransson;91;1526;1601;1560;autumn;35;Uradel (Ancient Nobility), barony 10.7.1569;Father 88, Father-in-law 13, Son 86, Sons-in-law 28, 36, 180 and 191;Ebba Bielke/Axel Eriksson Bielke (CR)/7.3.1568
Bonde, Jöns Tordsson;33;1517;1566;1561;;44;Uradel (Ancient Nobility);Father 34, Father-in-law 163, Father-in-law II 77, Son-in-law 208;1. Märta Posse/Axel Nilsson Posse (CR) 2. Klara Birgersdotter/Birger Nilsson Grip (CR)
Fleming, Lars Ivarsson;69;c. 1520;1562;1561;by 28.3.;;Uradel (Ancient Nobility), barony 29.6.1561;Father-in-law 230, Son-in-law 14;Brita Larsdotter/Lars Turesson Tre Rosor (CR)/4.8.1549
Grip, Nils Birgersson;80;1535;1592/4;1561;;26;Uradel (Ancient Nobility), barony 29.6.1561;Father 77;Unmarried
Gylta, Bengt Bengtsson;92;1514;1574;1561;;48;Uradel (Ancient Nobility), Knight 29.6.1561;Father CR, Maternal Grandfather CR, Sons-in-law 75 and 159;Ingeborg Jacobsdotter Krumme/Jacob Krumme/1548
Beurraeus, Dionysius;12;1507;1567;1562;;55;Ennobled 15.7.1559;No relatives;Ingeborg Haraldsdotter Kröning/ before 1549
Bielke, Hogenskild Nilsson;16;1538;1605;1562;;24;Uradel (Ancient Nobility), barony 10.7.1569;Father-in-law 217;Anna Sture/Svante Stensson Sture (CR)/24.7.1569
Bielkenstierna, Hans Claesson;27;;1566;1562;;;Uradel (Ancient Nobility);Father-in-law CR, Son-in-law 212, Grandson through son's line 28, Husband of Granddaughter 86;Karin Axelsdotter Tott/Axel Laurensson Tott (CR)
Lillie af Ökna, Knut Knutsson;131;c. 1520;1596;1562;by 14.1.;42;Uradel (Ancient Nobility);Father 130;1. Anna Bese/Nils Nilsson Bese/25.8.1558 2.  Malin Larsdotter (commoner)/5.8.1592
Fincke, Jöran Gödiksson;62;1510s;1569;1563;;;Uradel (Ancient Nobility), Family ennobled 20.6.1381;No relatives;Malin Olofsdotter (Örnfot i Västergötland)/ Olof Pedersson Bjurum och Valetorp/16.7.1554
Horn, Claes Kristersson d.ä.;96;c. 1518;1566;1563;10.4.;45;Uradel (Ancient Nobility), barony 29.6.1561;Son-in-law 216;Kerstin Krumme/Jakob Nilsson Krumme/3.1.1551
Stiernkors, Ivar Månsson;209;;1573;1565;;;Uradel (Ancient Nobility), Family ennobled 1410;Father-in-law CR;Elin Kurck/Jöns Knutsson Kurck (CR)/6.1.1566
Horn af Kanckas, Henrik Claesson;269;1512;1595;1566;;54;Uradel (Ancient Nobility);Father CR, Son 263, Sons-in-law 225 and 249;1. Elin Arvidsdotter/Arvid Eriksson Stålarm 2.  Brita
Stenbock, Erik Gustafsson;203;1538;1602;1568;before 13.10.;30;Uradel (Ancient Nobility), barony 29.6.1561;Father 206, Brother 208, Father-in-law 217, Son 205;Magdalena Sture/Svante Stensson Sture (CR)/17.1.1574
Baner, Gustaf Axelsson;5;1547;1600;1569;2.8.;22;Uradel (Ancient Nobility);Father 4, Father-in-law 217, Brother 9, Sons 5, 7, 8, 10, Sons-in-law 152 and 197;Kristina Sture/Svante Stensson Sture (CR)/8.10.1581
Bielke, Johan Axelsson;17;;1576;1569;2.8.;;Uradel (Ancient Nobility);Father 13, Father-in-law 163, Son-in-law II 14, Son-in-law John III;1. Margareta Posse/Axel Nilsson Posse (CR)/ 2. Anna Axelsdotter
Fleming, Claes Eriksson;64;1535;1597;1569;;34;Uradel (Ancient Nobility), barony 10.8.1569;Father 66, Father-in-law 206, Son-in-law 8;Ebba Stenbok/Gustav Olofsson Stenbock (CR)/1.11.1573
Grip, Bo Birgersson;78;1540;1569;1569;;29;Uradel (Ancient Nobility), barony 29.6.1561;Father 77;Unmarried
Gyllenstierna, Erik Carlsson;85;1527;1586;1569;00.1.;42;Uradel (Ancient Nobility);Father 83, Sons-in-law 170, 171 and 174;Karin Nilsdotter Bielke/Nils Persson Bielke /28.8.1557
Kyle, Hans Klasson;115;c. 1530;1583;1569;25.1.;39;Uradel (Ancient Nobility);Father 114, Father-in-law II 153, Son-in-law II 170;1. Karin Kagg/Nils Erlandsson Kagg 2. Anna Oxenstierna/Gabriel Christiernsson Oxenstierna af Eka och Lindö (CR)
Lilliehöök af Fårdala, Anders Pedersson;132;by 1525;1572;1569;;;Uradel (Ancient Nobility);Father-in-law II 214, Son 134;1. Anna Ribbing/Nils Knutsson Ribbing/00.6. or 12.7.1561 2. Agneta Nilsdotter/Nils Claesson till Stola (CR)/
Posse, Knut Axelsson;166;1526;1593;1569;00.8.;43;Uradel (Ancient Nobility);Father 163, Son 165;Ebba Göransdotter/Göran Lindormsson (Forstenasläkten)
Some, Måns Svensson;187;1495;1571;1569;;74;Uradel (Ancient Nobility);Father-in-law 22;Anna Turesdotter Bielke/Ture Eriksson Bielke (CR)/8.9.1539
Stenbock, Olof Gustafsson;208;1536;1599;1569;before 2.8.;33;Uradel (Ancient Nobility), barony 29.6.1561, Lost his title 30.6.1592;Father 206, Brother 203, Father-in-law 33;Ingeborg Jönsdotter Bonde/Jöns Tordsson Bonde (CR)/
Färla, Åke Bengtsson;72;c. 1530;1578;1573;;43;Uradel (Ancient Nobility);Father 73;Unmarried
Tott, Claes Åkesson;225;c. 1525;1590;1573;;48;Uradel (Ancient Nobility);Maternal Grandfather CR, Father-in-law 83, Father-in-law II 269, Sons-in-law 9 and 235;1. Catharina Gyllenstierna/Carl Eriksson Gyllenstierna (CR)/ 2. Kerstin Henriksdotter Horn/Henrik Classon Horn af Kankas (CR)/8.1.1570
Sparre af Rossvik, Erik Larsson;193;1550;1600;1575;26.7.;25;Uradel (Ancient Nobility), barony (Scotland) 1.3.1583 (James VI);Father-in-law 40, Sons 196, 197, 199 and 200, Son-in-law II 30, Son-in-law 119;Ebba Brahe/Per Joakimsson Brahe d ä (CR)/12.10.1578
Stiernskiöld, Claes Göransson;210;;1583;1576;;;Uradel (Ancient Nobility);Maternal Grandfather CR, Father-in-law CR, Ant. Mat. 83, Son 212;Marina Grip/Nils Bosson Grip (CR)
Banér, Sten Axelsson;9;1546;1600;1584;;38;Uradel (Ancient Nobility);Father 4, Brother 5, Father-in-law II 225;1. Margaretha Grip/Börje Nilsson Grip/31.8.1571 2. Ingeborg Tott/Claes Åkesson Tott (CR)/9.6.1590
Bielke, Claes Nilsson;14;1544;1623;1585;;41;Uradel (Ancient Nobility), barony 19.2.1594;Father-in-law 69, Father-in-law II 17, Brother 23, Sons-in-law 178 and 201, Sons-in-law II 38, 63 and 155;1. Elin Fleming/Lars Ivarsson Fleming/31.10.1574 2. Elsa Bielke/Johan Axelsson Bielke/21.1.1588
De la Gardie, Pontus;57;1520;1585;1585;before 31.3.;65;Uradel (Ancient Nobility) (France), barony 27.7.1571;Father-in-law John III, Sons 53 and 55, Son-in-law 52, Son-in-law II 155;Sofia Gyllenhielm/John III/2.4.1580
Oxenstierna af Eka och Lindö, Christer Gabrielsson;150;1545;1592;1586;;41;Uradel (Ancient Nobility), barony 29.6.1561;Father 153, Brothers 150 and 159, Father-in-law 76, Son-in-law 55, Son-in-law II 191;Beata Gera/Carl Holgersson Gera (CR)/27.12.1573
Sture, Mauritz  Svantesson (Natt och Dag);216;1552;1592;1586;;34;Uradel (Ancient Nobility), barony and countship 29.6.1561;Father 217, Father-in-law 96;Anna Claesdotter/Claes Christersson Horn af Åminne (CR)/10.9.1581
Bielke, Ture Nilsson;23;1548;1600;1587;;39;Uradel (Ancient Nobility);Father-in-law 217, Brother 14, Son-in-law 155;Margaretha Svantesdotter Sture/Svante Stensson Sture (CR)/8.10.1581
Brahe, Erik Persson;37;1552;1614;1587;;35;Uradel (Ancient Nobility), countship 29.6.1561;Father 40, Brothers 36 and 38, Son-in-law 205;Elisabeth af Braunschweig-Lüneburg/ Duke Otto av Braunschweig-Lüneburg/24.6.1582
Lewenhaupt, Axel Stensson;121;1554;1619;1587;18.8.;33;Uradel (Ancient Nobility), barony 29.6.1561, countship 1568 (confirmed 5.9.1587);Father 118, Brother 123;1. Sidonia von Daun (Countess of Falkenstein)/Johan von Daun/8.7.1579 2. Magdalena von Criechingen (cousin)/Wirich von Cruechingen/spring or summer 1590
Grip, Mauritz Birgersson;79;1547;1591;1588;;41;Uradel (Ancient Nobility), barony 29.6.1561;Father 77, Father-in-law 118, Sons-in-law 10 and 245;Edla Stensdotter Lewenhaupt/Sten Leijonhufvud (CR)/24.7.1580
Ribbing, Bengt Svensson;169;1541;1594;1588;;47;Uradel (Ancient Nobility);Maternal Grandfather CR, Brothers 170, 171, 174 and 272, Father-in-law 153;Birgitta Oxenstierna/Gabriel Christiernsson Oxenstierna (CR)/1576
Bielke, Axel Johansson;250;;1597;1589;;;Uradel (Ancient Nobility);;Ebba Hogenskildsdotter Bielke s. 1570
Leijonhufvud, Erik Abrahamsson;122;1551;1616;1589;;33;Uradel (Ancient Nobility);Father 120, Son 119;1. Carin Åkesdotter Soop/Åke Haraldsson Soop 2. Elisabeth Gyllenhorn/Arent Jonsson Gyllenhorn
Bååt, Gustaf Björnsson;44;;1594;1590;;;Uradel (Ancient Nobility);Father 42, Brother 43, Father-in-law 82;Görvel Joensdotter Gyllenhorn/Joen Olsson Gyllenhorn (CR)/
Oxenstierna af Eka och Lindö, Gustaf Gabrielsson;156;1551;1597;1590;;39;Uradel (Ancient Nobility), baronyi 29.6.1561;Father 153, Brothers 150 and 159, Father-in-law 13, Son 145, Sons-in-law 30, 111, 143 and 196;Barbro Bielke/Axel Eriksson Bielke (CR)/1580
Posse, Göran Knutsson;165;1556;1616;1590;;34;Uradel (Ancient Nobility);Father 166, Father-in-law 153, Son 167;Elisabet Oxenstierna/Gabriel Christiernsson Oxenstierna (CR)/6.9.1584
Bielke, Svante Turesson;21;1567;1609;1602;;35;Uradel (Ancient Nobility), barony 12.8.1608;Father 25, Father-in-law 118, Brother 18;Elisabeth Stensdotter Lewenhaupt (Leijonhufvud)/Sten Erikson Leijonhufvud (CR)/14.3.1598
Boije, Jöran Nilsson;29;by 1540;1617;1602;27.5.;;Uradel (Ancient Nobility);No relatives;1. Anna Göransdotter/Göran Hansson (Högsjögårdiskasläkten) 2. Magdalena Schade/Frans Schade
Brahe, Abraham Persson;36;1569;1630;1602;before 22.4.;33;Uradel (Ancient Nobility);Father 40, Father-in-law 91, Brothers 37 and 38, Son 39, Son-in-law 146, Sons-in-law II 3, 158 and 226;Elsa Gyllenstierna/Nils Göransson Gyllenstierna (CR)/13.3.1599
Brahe, Magnus Persson;38;1564;1633;1602;17.7.;38;Uradel (Ancient Nobility);Father 40, Brothers 36 and 37, Father-in-law 118, Father-in-law II 14, Succ. Mat. 63, Son-in-law 53;1. Brita Leijonhufwud/Sten Eriksson Leijonhuvud (CR)/19.11.1594 2. Helena Bielke/Klas Nilsson Bileke (CR)/18.10.1618
Cruus af Edeby, Mats Larsson;51;by 1540;1606;1602;27.5.;;Uradel (Ancient Nobility);Father-in-law 124, Son 52;Anna Björnsdotter/Björn Klasson Lepasätten (CR)/1576
Gyllenstierna, Jöran Nilsson;86;1575;1618;1602;17.6.;27;Uradel (Ancient Nobility);Father 91, Father of Father-in-law 27;Ingeborg Claesdotter Bielkenstierna/Claes Hansson Bielkenstierna/27.7.1600
Horn af Kanckas, Arvid Henriksson;263;;1606/7;1602;27.5.;;Uradel (Ancient Nobility);Father 269, Son-in-law II 111; Ingeborg Ivarsdotter/Ivar Månsson Stiernkors
Kauer, Ludbert Didriksson;107;;1608;1602;;;Uradel (Ancient Nobility) (?);No relatives;Gunilla Rosenstråle/Jöns Eriksson Rosenstråle/00.7.1597
Lewenhaupt, Moritz Stensson;123;1559;1607;1602;;43;Uradel (Ancient Nobility), barony 29.6.1561, countship 1568;Father 118, Brother 121, Son-in-law 95;Amalia Hatzfeldt/Wilhelm von Hatzfeldt/3.9.1592
Oxenstierna af Eka och Lindö, Johan Gabrielsson;159;1557;1607;1602;;41;Uradel (Ancient Nobility), barony 29.6.1561;Father 153, Brothers 150 and 156, Father-in-law 92;Christina Gylta/Bengt Bengtsson Gylta (CR)/
Ribbing, Erik Svensson;171;1558;1612;1602;27.5.;43;Uradel (Ancient Nobility);Maternal Grandfather CR, Brothers 169, 170, 174 and 272, Father-in-law 85 ;Emerentia Gyllenstierna/Erik Carlsson Gyllenstierna (CR)
Ribbing, Peder Svensson;272;1544;1604;1602;;58;Uradel (Ancient Nobility);Maternal Grandfather CR, Brothers 174, 169, 170 and 171;1. Märtta Jönsdotter/Jöns Oxehufvud/22.4.1569 2. Brita Eriksdotter/Erik Månsson Ulfsparre/21.10.1571
Ribbing, Seved Svensson;174;1552;1613;1602;27.5.;50;Uradel (Ancient Nobility);Maternal Grandfather CR, Brothers 169, 170, 171 and 272, Father-in-law 85, Son-in-law Duke Carl Filip and 81, Grandson through daughter 48;Anna Gyllenstierna/Erik Carlsson Gyllenstierna af Lundholm (CR)/26.9.1585
Ryning, Axel Nilsson;178;1552;1620;1602;;50;Uradel (Ancient Nobility);Maternal Grandfather CR, Father-in-law 14, Succ. Mat. 155;Margaretha Bielke/Claes Nilsson Bielke (CR)/e13.5.1613
Stiernskiöld, Göran Claesson;212;1552;1611;1602;27.5.;50;Uradel (Ancient Nobility);Maternal Grandfather CR, Father-in-law 27, Son 213;Kirstin Bielkenstierna/Hans Claesson Bielkenstierna (CR)/1575
Ulfsparre, Jöran Eriksson;236;1544;1612;1602;27.5.;58;Uradel (Ancient Nobility);Brother 235;Marina Ribbing/Nils Knutsson Ribbing/1570s
Lilliehöök af Fårdala, Nils Andersson;134;1561;1618;1605;;44;Uradel (Ancient Nobility);Father 132;1. Brita Hand/Knut Håkansson Hand/13.9.1590 2. Karin Oxenstierna/Erik Gabrielsson Oxenstierna/10.8.1618
Ribbing, Bo Svensson;170;1560;1640;1605;;45;Uradel (Ancient Nobility);Maternal Grandfather CR, Brothers 169, 171, 174 and 272, Father-in-law 85, Father-in-law III 115;1. Mariana Gyllenstierna/Erik Carlsson Gyllenstierna (CR) 2. Agneta Lennartsdotter/Lennart Torstensson (Forstenasläkten) 3. Karin Hansdotter Kyle/Hans Klasson Kyle (CR) /1.8.1619
Ryning, Peder Nilsson;180;1547;1613;1605;;58;Uradel (Ancient Nobility);Maternal Grandfather CR, Father-in-law 91, Son-in-law 199;Kirstin Gyllenstierna/Nils Göransson Gyllenstierna (CR)/14.2.1591
Ulfsparre, Hans Eriksson;235;1552;1616;1605;;53;Uradel (Ancient Nobility);Brother 236, Father-in-law 225, Son 237;Elin Tott/Claes Åkesson Tott (CR)
Bielke, Nils Turesson;18;1569;1639;1606;;37;Uradel (Ancient Nobility), barony 12.8.1608;Father 25, Father-in-law 147, Brother 21, Sons 15, 20 and 24, Sons-in-law 6 and 226, Son-in-law III 3;Ingeborg Oxenstierna/Bengt Gabrielsson Oxenstierna/12.3.1605
Bååt, Erland Björnsson;43;;1628;1609;;;Uradel (Ancient Nobility);Father 42, Brother 44, Father-in-law 233;1. Beata Trolle/Ture Arvidsson Trolle (CR)/ 2. 9.1.1603
Cruus, Jesper Mattsson;52;1577;1622;1609;;;Uradel (Ancient Nobility);Father 51, Father-in-law 57, Succ. Mat. 155, Sons-in-law II 31 and 65;Brita De la Gardie/Pontus De la Gardie (CR)/25.9.1614
Oxenstierna af Södermöre, Axel Gustafsson;145;1583;1654;1609;;26;Uradel (Ancient Nobility), countship 19.11.1645;Father 156, Brother 145, Sons 151 and 158, Son-in-law 98;Anna Bååt/Åke Johansson Bååt/5.6.1608
Soop, Hans Åkesson;190;1552;1619;1609;;57;Uradel (Ancient Nobility);Maternal Grandfather 163, Son 191;Elin Kagg/Erik Mattsson Kagg
Stenbock, Gustaf Eriksson;205;1575;1629;1609;;34;Uradel (Ancient Nobility);Father 203, Father-in-law 37, Sons 202, 204 and 207, Sons-in-law 39 and 48;Beata Margaretha Brahe/Erik Persson Brahe (CR)/15.11.1607
Horn af Kanckas, Henrik Carlsson;101;1578;1618;1611;;33;Uradel (Ancient Nobility);Brother 95, Son 102;Anna Snakenborg/Jöns Ulfsson Snakenborg (Bååt)/28.1.1602
Bielkenstierna, Hans Claesson;28;1574;1620;1612;;38;Uradel (Ancient Nobility);Paternal Granndfather 27, Father-in-law 91, Son 26;Elisabeth Gyllenstierna af Lundholm/Nils Göransson Gyllenstierna/6.2.1608
De la Gardie, Jacob Pontusson;53;1583;1652;1613;23.5.;30;Uradel (Ancient Nobility), countship 10.5.1615;Father 57, Father-in-law 38, Brother 55, Sons 54, 56, 255 and 256, Sons-in-law 157 and 126, Son-in-law II 207;Ebba Brahe/Magnus Persson Brahe (CR)/24.6.1618
Scheiding, Filip Christoffersson von;181;1578;1646;1613;3.3.;37;Uradel (Ancient Nobility);Son-in-law 211;1. Helena von Dellwig/Evert von Dellwig/1613 2. Katarina von Lüher/1633
Gyllenhielm, Carl Carlsson;81;1574;1650;1617;;43;Ennobled 8.7.1592, barony 26.6.1615;Father Charles IX (illegitimate), Father-in-law 174;Christina Ribbing/Seved Svensson Ribbing (CR)/15.6.0000
Horn, Claes Carlsson;95;1583;1632;1617;27.11.;34;Uradel (Ancient Nobility);Brother 101, Father-in-law 123;Ebba Lewenhaupt/Moritz Stensson Lewenhaupt (CR)
Leijonhufvud, Abraham Eriksson;119;1583;1618;1617;;34;Uradel (Ancient Nobility), barony 22.4.1610;Father 122, Father-in-law 193, Succ. Mat. 30;Beata Sparre/Erik Larsson Sparre av Rossvik (CR)
Oxenstierna af Eka och Lindö, Gabriel Gustafsson;155;1587;1640;1617;13.1.;30;Uradel (Ancient Nobility);Father 156, Brother 145, Father-in-law 23, Father-in-law II 14, Father-in-law III 57, Ant. Mat. II 178, Ant. Mat. III 52;1. Märtha Bielke/Ture Nilsson Bielke (CR)/11.8.1611 2. Margaretha Bielke/Klas Nilsson Bielke (CR)/18.8.1622 3.  Brita De la Gardie/Pontus De la Gardie (CR) /25.10.1631
Oxenstierna af Korsholm och Wasa, Gabriel Bengtsson;152;1586;1656;1617;27.1.;31;Uradel (Ancient Nobility), countship 26.3.1651;Father 147, Brother 146, Father-in-law 5, Sons 148, 154 and 267, Son-in-law 192;Anna Banér/Gustaf Axelsson Banér (CR)/7.10.1610
Skytte, Johan Bengtsson (Schroderus);184;1577;1645;1617;;40;Ennobled 14.8.1604, barony 16.6.1624;Son 183, Grandson through daughter 87;Maria Näf (Neaf)/Jacob Neaf/5.1.1606
Stiernskiöld, Nils Göransson;213;1583;1627;1617;27.1.;34;Uradel (Ancient Nobility);Father 212;Magdalena Stackelberg/Johan Reinholdsson von Stackelberg younger/12.4.1637
Banér, Svante Gustafsson;10;1584;1628;1623;7.4.;39;Uradel (Ancient Nobility);Father 5, Father-in-law 79, Son 246, Son-in-law 24;Ebba Grip/Morits Birgersson Grip (CR)/28.8.1617
Ribbing, Lindorm Pedersson;172;1569;1627;1624;7.4.;55;Uradel (Ancient Nobility);Father CR 252, Son 173, Sons-in-law 106, 140 and 176;Märta Bonde/Filip Jönsson Bonde/6.1.1605
Banér, Per Gustafsson;8;1588;1644;1625;2.4.;37;Uradel (Ancient Nobility);Father 5, Father-in-law 64, Son 6;Hebla Fleming/Klas Eriksson Fleming (CR)/1615
Fleming, Klas Larsson;63;1592;1644;1625;2.4.;33;Uradel (Ancient Nobility);Father-in-law II 14, Ant. Mat. II 38, Son 67, Son-in-law 194;1. Anna Göransdotter Snakenborg /Göran Ulfsson Snakenborg (Bååt)/24.11.1618 2. Elena Bielke/Klas Nilsson Bielke (CR)/12.8.1638
Horn af Kanckas, Gustaf Carlsson;98;1592;1657;1625;2.4.;33;Uradel (Ancient Nobility), countship 26.3.1651, barony 30.4.1651;Father-in-law 145, Father-in-law II 18, Son-in-law CR;1. Christina Oxenstierna/Axel Gustafsson Oxenstierna (CR)/22.7.1628 2. Sigrid Bielke af Åkerö/Nils Turesson Bielke (CR)/9.7.1643
Oxenstierna af Eka och Lindö, Carl Eriksson;149;1582;1629;1625;2.4.;43;Uradel (Ancient Nobility);Maternal Grandfather 76;Margareta Gonnies/Nikolaus Gonnies/1611
Soop af Limingo, Matthias Hansson;191;1585;1653;1627;24.12.;42;Uradel (Ancient Nobility), barony 8.4.1651;Father 190, Father-in-law 91, Father-in-law II 150, Sons 188 and 189;1. Anna Gyllenstierna/Nils Göransson Gyllenstierna (CR) 2. Elisabet Oxenstierna/Christiern Gabrielsson Oxenstierna (CR)
Sparre af Rossvik, Johan Eriksson;196;1587;1632;1627;24.12.;40;Uradel (Ancient Nobility);Father 193, Brothers 197, 199 and 200, Father-in-law II 156 ;1. Anna Urne/Johan Clausen Urne 2. Ebba Oxenstierna/Gustaf Gabrielsson Oxenstierna (CR)
Banér, Johan Gustafsson;7;1596;1641;1630;19.5.;34;Uradel (Ancient Nobility);Father 5, Succ. Mat.r 221;1. Catharina Elisabet von Pfuel/Adam von Pfuel (Noble from Brandenburg)/00.11.1623 2. Elisabeth Juliana von Erbach/Georg von Erbach/25.7.1636 3. Johanna Margareta von Baden-Hochberg/Fredrik V von Baden-Hochberg /16.9.1640
Brahe, Per Abrahamsson;39;1602;1680;1630;19.5.;28;Uradel (Ancient Nobility);Father 36, Father-in-law 205, Father-in-law II 55, Ant. Mat. II 223;1. Christina Catarina Stenbock/Gustav Stenbock (CR)/16.4.1628 2. Beata De la Gardie/Johan De la Gardie (CR)/25.7.1653
Tott, Åke Henriksson;226;1598;1640;1630;19.5.;32;Uradel (Ancient Nobility);Maternal Grandfather Erik XIV, Paternal Grandfather 225, Father-in-law 18, Father-in-law II 36, Son 224;1. Sigrid Bielke/Nils Turesson Bielke (CR)/3.6.1628 2. Christina Brahe/Abraham Pedersson Brahe (CR)/7.10.1638
Wrangel, Herman Hansson;245;1584;1643;1630;00.5.;46;Uradel (Ancient Nobility);Father-in-law 79, Son 244;1. Margaretha Mauritzdotter Grip/Mauritz Birgersson Grip (CR)/3.12.1612 2. Katarina Gyllenstierna/Karl Gyllenstierna/19.2.1626 3. Amalia af Nassau/Johann VII von Nassau /18.4.1636
Banér, Axel Gustafsson;3;1594;1642;1633;2.4.;39;Uradel (Ancient Nobility), Knight 1634;Father 5, Father-in-law II 36, Father-in-law III 18, Sons-in-law 87, 110 and 164, Son-in-law II 93;1. Barbro von Saletta/Christoffer von Saletta/25.4.1624 2. Ebba Brahe/Abraham Brahe (CR)/22.5.1631 3. Katarina Bielke/Nils Bielke (CR) /13.1.1641
Bielke, Sten Svantesson;19;1598;1638;1633;14.1.;35;Uradel (Ancient Nobility), barony 12.8.1608;Father 21 ;Unmarried
Bonde, Carl Filipsson;30;1581;1652;1633;14.1.;52;Uradel (Ancient Nobility), barony 16.6.1651;Father-in-law 156, Father-in-law II 193, Ant. Mat. II 119, Sons 31 and 32, Son-in-law 61;1. Beata Oxenstierna/Gustav Gabrielsson Oxenstierna (CR)/Trinity Sunday 1613 2. Beata Sparre/Erik Sparre (CR)/1624
De la Gardie, Johan Pontusson;55;1582;1640;1633;2.4.;51;Uradel (Ancient Nobility);Father 57, Father-in-law 150, Brother 53, Sons-in-law 223 and 204, Sons-in-law II 39 and 111;1. Catharina Oxenstierna/Christer Gabrielsson Oxenstierna af Eka och Lindö (CR)/16(09) 2. Görvel Posse/Arvid Lagesson Posse/13.12.1635
Kurck, Jöns Knutsson;111;1590;1652;1633;14.1.;43;Uradel (Ancient Nobility), barony 12.4.1651;Maternal Grandfather 92, Father-in-law 156, Father-in-law II 55, Father-in-law III 263, Sons 110 and 112, Sons-in-law II 11 and 100;1. Märta Oxenstierna/Gustav Gabrielsson Oxenstierna (CR)/11.7.1616 2. Sophia De la Gardie/Johan De la Gardie/30.11.1634 3. Christina Horn af Kanckas/Arvid Henriksson Horn (CR) /29.7.1649
Natt och Dag, Åke Axelsson;143;1594;1655;1633;4.2.;39;Uradel (Ancient Nobility), barony 20.4.1652;Father-in-law 156, Sons-in-law 26 and 188, Sons-in-law II 112 and 195;1. Elsa Oxenstierna/Gustaf Gabriesson Oxenstierna (CR)/9.7.1616 2. Anna Cruus/Jesper Andersson Cruus/2.2.1653
Ryning, Erik Eriksson;179;1592;1654;1633;4.2.;41;Uradel (Ancient Nobility), barony 15.12.1651;No relatives;Maria Elisabeth Kurtzel/Jost Georgsson Kurtzel/20.8.1620
Sparre, Per Eriksson;199;1592;1648;1633;14.1.;41;Uradel (Ancient Nobility), The House of Nobility 1625, barony 6.3.1647;Father 193, Brothers 196, 197 and 200, Father-in-law II 180, Son 261, Sons-in-law 246 and 94;1. Elsa Posse/Arvid Lagesson Posse 2. Christina Ryning/Peder Nilsson Ryning (CR)
Horn af Åminne, Clas Christersson;97;1587;1651;1634;25.9.;47;Uradel (Ancient Nobility);Paternal Grandfather 96, Maternal Grandfather 25, Brother 99, Father-in-law 147, Sons 93 and 94, Sons-in-law 207, 160 and 261;Sigrid Oxenstierna/Bengt Gabrielsson Oxenstierna/7.2.1620
Horn, Gustaf Christersson;99;1601;1639;1638;6.9.;37;Uradel (Ancient Nobility);Brother 97, Succ. Mat. 102;Kerstin Bååt/Bo Gustafsson Bååt/23.7.1637
Oxenstierna af Södermöre, Johan Axelsson;158;1611;1657;1639;12.2.;28;Uradel (Ancient Nobility), countship 19.11.1645;Father 145, Brother 151, Father-in-law II 36, Ant. Mat. II 146;1. Anna Margaretha Sture/Svante Mauritzsson Sture/24.6.1636 2. Margaretha Brahe/Abraham Persson Brahe (CR)/13.8.1648
Bielke, Ture Nilsson;24;1606;1648;1640;14.4.;34;Uradel (Ancient Nobility), barony 12.8.1608;Father 18, Father-in-law 10, Brothers 15 and 20;Anna Christina Banér/Svante Gustafsson Baner (CR)/14.3.1643
Kagg, Lars Nilsson;106;1595;1661;1641;14.4.;46;Uradel (Ancient Nobility), barony 16.10.1651, countship 2.10.1653;Father-in-law 172;Agneta Ribbing/Lindorm Persson Ribbing (CR)/9.3.1628
Oxenstierna af Eka och Lindö, Bengt Bengtsson;146;1591;1643;1641;12.4.;50;Uradel (Ancient Nobility);Brother 152, Father-in-law 36, Succ. Mat. II 158;Margaretha Brahe/Abraham Persson Brahe (CR)/8.7.1633
Posse af Hedensund, Knut Göransson;167;1592;1664;1641;;49;Uradel (Ancient Nobility), barony 26.3.1651;Father 165, Son 164, Son-in-law 89;Ingeborg Torstensdotter/Torsten Lennartsson (Forstenasläkten)/14/15.11.1618
Sparre af Rossvik, Lars Eriksson;197;1590;1644;1641;;51;Uradel (Ancient Nobility);Father 193, Brothers 196, 199 and 200, Father-in-law 5 , Sons 194 and 195, Sons-in-law 54 and 93;1. Märta Banér/Gustaf Axelsson Baner (CR)/20.10.1617 2. Catharina Bååt/Jakob Jakobsson Bååt/2.2.1641
Torstensson, Lennart Torstensson;223;1603;1651;1641;12.4.;38;Uradel (Ancient Nobility), countship 5.2.1647;Father-in-law 55, Succ. Mat. II 39, son 222;Beata De la Gardie/Johan De la Gardie (CR)/8.12.1633
Bååt, Seved Bosson;48;1615;1669;1645;24.1.;30;Uradel (Ancient Nobility), barony 29.1.1650;Maternal Grandfather 174, Father-in-law 205, Son-in-law 247;Magdalena Stenbock/Gustav Eriksson Stenbock (CR)/13.11.1642
Gyllenstierna, Erik Carlsson;84;1602;1657;1645;24.1.;43;Uradel (Ancient Nobility), barony 26.3.1651;Son CR, son CR, Son-in-law 259;Beata von Yxkull/Conrad Reinholdsson von Yxkull/16.1.1636
Oxenstierna af Croneborg, Gustaf Gabrielsson;157;1613;1648;1645;25.1.;32;Uradel (Ancient Nobility), countship posthumously 10.11.1651;Father-in-law 53, Son-in-law CR, son-in-law 6;Maria Sophia De la Gardie/Jakob De la Gardie (CR)/12.2.1643
Sparre, Ture Eriksson;200;1593;1664;1645;;52;Uradel (Ancient Nobility), barony 6.3.1647;Father 193, Brothers 196, 197 and 199;Maria Natt och Dag/Axel Johansson Natt och Dag
Stenbock, Fredrik Gustafsson;204;1607;1652;1645;24.1.;38;Uradel (Ancient Nobility), countship 26.3.1651;Father 205, Brothers 202 and 207, Father-in-law 55, Son 266;Catharina De la Gardie/Johan De la Gardie (CR)/24.11.1634
Vasaborg, Gustaf Gustafsson af;241;1616;1653;1646;5.9.;30;Ennobled 20.3.1637, barony and countship 20.8.1646;No relatives, Father Gustavus Adolphus (illegitimate);Anna Sofia von Wied-Runkel/Herman II von Wied-Runkle/
Wrangel, Carl Gustaf Hermansson;244;1613;1676;1646;18.8.;33;Uradel (Ancient Nobility), countship 26.3.1651, barony 6.4.1653(?);Father 245, Son-in-law 252;Anna Margaretha von Haugwitz/Baltzar Joakim von Haugwitz
De la Gardie, Magnus Gabriel Jacobsson;56;1622;1686;1647;17.3.;25;Uradel (Ancient Nobility);Father 53, Brothers 54, 255 and 256, Son 257;Maria Eufrosyne von Zweibrücken/Duke of Bavaria Johan Kasimir von Zweibrücken/ 7.3.1647
Adler Salvius, Johan;2;1590;1652;1648;27.3.;58;Ennobled 26.1.1629, barony 12.3.1651;No relatives;Margaretha Pedersdotter Skuthe/Peder Eriksson Skuthe/19.9.1620
Lillie, Axel Gustafsson;129;1603;1662;1648;24.4.;45;Uradel (Ancient Nobility), barony 16.3.1651, countship 20.8.1652;Wife's Brother 140;Christina Mörner/Otto Helmer von Mörner/16.3./19.5.1630
Skytte, Bengt Johansson;183;1614;1683;1648;;34;Uradel (Ancient Nobility), barony 16.6.1624;Father 184;1. Christina Sparre/Carl Eriksson Sparre/8.12.1636 2. Eva Mörner/1670s
Ulfsparre, Åke Hansson;237;1597;1657;1648;17.6.;51;Uradel (Ancient Nobility), barony 18.2.1653;Father 235;Margaretha Kyle/Claes Hansson Kyle
Bielke, Gustaf Nilsson;15;1618;1661;1650;30.9.;32;Uradel (Ancient Nobility);Father 18, Brothers 20 and 24, Son-in-law III 93;Maria Elisabeth Sparre/Karl Eriksson Sparre/17.2.1650
Fleming, Herman Claesson;67;1619;1673;1650;17.6.;31;Uradel (Ancient Nobility), barony 26.3.1651;Father 63, son CR, Son-in-law 258;Christina Rosladin/ Fritz Petrovitj (naturaliserad Rosladin)/15.5.1645
Lewenhaupt, Gustaf Adolf Johansson;126;1619;1656;1650;30.9.;31;Uradel (Ancient Nobility);Paternal Grandfather 121, Brothers 125 and 264, Father-in-law 53, Succ. Mat. 207;Christina Catharina De la Gardie/Jakob De la Gardie (CR)/21.3.1648
Rosenhane, Schering Johansson;177;1609;1663;1650;30.9.;41;Uradel (Ancient Nobility), barony 3.6.1652;Brother 176;Beata Sparre/Bengt Jöransson Sparre af Rossvik/16.1.1618
Stenbock, Erik Gustafsson;202;1612;1659;1650;30.9.;38;Uradel (Ancient Nobility), countship 27.3.1651;Father 205, Brothers 204 and 207, Sons-in-law 192 and 148, Son-in-law CR;1. Catharina von Schwerin/Rüdiger von Schwerin/00.8.1637 2. Occa Johanna Riperda/Hero Moritz Riperda/21.9.1656
Berendes, Johan;11;1603;1652;1651;10.4.;48;Uradel (Ancient Nobility);Father-in-law II 111, Son-in-law II 164;1. Margaretha Wildeman/Arvid Wildeman/6.7.1630 2. Ingeborg Kurck/Jöns Knutsson Kurck (CR)/14.12.1657
Königsmarck, Hans Kristoffer;116;1600;1663;1651;10.4.;51;Uradel (Ancient Nobility) (Germany), countship 26.3.1651;Son-in-law 255;Barbara Maria Agata von Leesten/Christopher von Leesten/00.2.1633
Linde, Lorentz Eriksson von der;135;1610;1671;1651;10.4.;41;Ennobled 17.1.1631, barony 14.5.1651;No relatives;Unmarried
Oxenstierna af Södermöre, Erik Axelsson;151;1624;1656;1651;10.4.;27;Uradel (Ancient Nobility), countship 19.11.1645;Father 145, Brother 158, Father-in-law Nils Brahe (CR), Sons-in-law 224 and 257;Elsa Elisabeth Brahe/Nils Abrahamsson Brahe/10.9.1648
Stenbock, Gustaf Otto Gustafsson;207;1614;1685;1651;10.4.;37;Uradel (Ancient Nobility), countship 27.3.1651;Father 205, Brothers 202 and 204, Father-in-law 97, Father-in-law II 53, Ant. Mat. II 126, Son CR, Son-in-law 222;1. Brita Horn/Claes Christersson Horn (CR)/22.7.1645 2. Christina Catharina De la Gardie/Jakob Pontusson De la Gardie (CR)/1.6.1658
Wachtmeister, Hans Claesson;240;1609;1652;1651;10.4.;42;Uradel (Ancient Nobility), barony 8.4.1651;Son-in-law 148;Agnes Margaretha von Helmstedt /Bleckert von Helmstedt/18.3.1634
Wittenberg, Arvid Hansson;243;1606;1657;1651;10.4.;45;Uradel (Ancient Nobility), barony 26.3.1651, countship 3.1.1652;Son-in-law IV 102;1. Eva Margareta von Langen/et/3.3.1646 2. Maximiliana Elisabeth von Schönburg/Johan Casper von Schönburg/10.4.1648
Banér, Gustaf Persson;6;1618;1689;1652;before 8.12.;34;Uradel (Ancient Nobility);Father 8, Father-in-law 18,Father-in-law II 157,  Son-in-law III 211, Son-in-law CR;1. Brita Bielke/Nils Bielke (CR)/24.2.1642 2. Märtha Elisabeth Oxenstierna/Gustav Oxenstierna (CR)/27.2.1672
Falkenberg, Konrad;61;1591;1654;1652;18.11.;61;Uradel (Ancient Nobility) (Germany);Father-in-law 30;Katarina Bonde/Carl Filipsson Bonde (CR)/26.1.1634
Bonde, Christer Carlsson;31;1621;1659;1653;18.7.;32;Uradel (Ancient Nobility), barony 16.6.1651;Father 30, Brother 32, Father-in-law II 52;1. Ebba Leijonhufvud/Gustav Eriksson Leijonhufvud/13.8.1643 2. Elsa Cruus af Edeby/Jesper Mattsson Cruus (CR)/17.12.1654
Bonde, Gustaf Carlsson;32;1620;1667;1653;18.7.;33;Uradel (Ancient Nobility), barony 16.6.1651;Father 30, Brother 31;1. Maria Elisabeth Ulfsparre/Erik Ulfsparre/8.12.1644 2. Anna Kristina Natt och Dag/Per Nilsson Natt och Dag/29.9.1647
De la Gardie, Jakob Casimir Jacobsson;54;1629;1658;1653;10.3.;34;Uradel (Ancient Nobility);Father 53, Brothers 56, 255 and 256, Father-in-law 197;Ebba Sparre/Lars Eriksson Sparre (CR)/11.1.1653
Forbus, Arvid;70;1598;1665;1653;3.10.;55;Uradel (Ancient Nobility) (Scotland), barony 4.6.1652;Son-in-law 256;Margaretha Boije af Gennäs/Hans Boije af Gennäs/5.5./4.6.1639 
Horn af Björneborg, Gustaf Evertsson;100;1614;1666;1653;3.10.;39;Uradel (Ancient Nobility), barony 30.4.1651;Father-in-law II 111, Succ. Mat. 49, Son-in-law 189;1. Maria Mörner/Stellan Otto von Mörner 2. Barbro Kurck/Jöns Knutsson Kurck (CR) 2. Maria Silfverhielm/Arvid Silfverhielm /19.3.1661
Khevenhüller, Paul;108;1593;1655;1653;3.10.;60;Uradel (Ancient Nobility) (Austria), naturalized 20.6.1645, barony 15.3.1647;Father CR (Germany);Regina Catharina von Windisch-Grätz/Andreas von Windisch-Grätz/1616
Lewenhaupt, Karl Mauritz Johansson;125;1620;1666;1653;3.10.;33;Uradel (Ancient Nobility);Paternal Grandfather 121 , Brothers 126 and 264, Son-in-law CR;1. Dorotea Wrangel/Hans Wrangel/8.12.1646 2. Anna Maria Cruus af Edeby/Johan Cruus af Edeby/19.1.1657
Mörner, Carl Ottosson;140;1605;1665;1653;21.2.;48;Uradel (Ancient Nobility) (Germany), barony 30.7.1652;Father-in-law 172;Maria Ribbing/Lindorm Persson Ribbing (CR)/10.1.1636
Oxenstierna af Korsholm och Wasa, Gabriel Gabrielsson;154;1619;1672;1653;3.10.;34;Uradel (Ancient Nobility), countship 26.3.1651;Father 152, Brothers 148 and 267;Maria Christiana av Löwenstein und Scharffeneck/Georg Ludvig von Löwenstein und Scharffeneck/1.5.1644
Sparre, Erik Larsson;194;1618;1673;1653;13.10.;35;Uradel (Ancient Nobility), barony 6.3.1647;Father 197, Brother 195, Father-in-law 63, Son-in-law CR;Barbro Fleming af Liebelitz/Claes Larsson Fleming (CR)/24.3.1650
Taube, Vilhelm Berndtsson;220;;1662;1653;3.10.;;Uradel (Ancient Nobility), barony 14.2.1652;Ant. Mat. 55;Görvel Posse/Arvid Lagesson Posse
Thurn, Henrik Fransson von;221;1628;1656;1653;4.10.;25;Uradel (Ancient Nobility) (Austria), naturalized 1635;Maternal Grandfather (Germany), Ant. Mat. 7;Johanna Margareta af Baden-Hochberg/markkreivi Fredrik V von Baden-Hochberg/1648
Tott, Claes Åkesson;224;1630;1674;1653;3.10.;37;Uradel (Ancient Nobility), countship 20.3.1652;Father 226, Father-in-law 151;Anna Margaretha Oxenstierna/Erik Axelsson Oxenstierna (CR)/6.7.1665
Bielkenstierna, Claes Hansson;26;1615;1662;1654;31.5.;39;Uradel (Ancient Nobility), barony 20.4.1652;Father 28, Father-in-law 143, Succ. Mat. 112;Barbro Natt och Dag/Åke Axelsson Natt och Dag (CR)/21.9.1643
Gyllenstierna, Johan Nilsson;89;1617;1690;1654;31.5.;37;Uradel (Ancient Nobility);Father-in-law 167;1. Anna Maria Posse/Knut Göransson Posse (CR)/9.6.1648 2. Katarina Durell/Magnus Nilsson Durell (Durelius)/10.7.1670 3. Kristina Leijonhufvud/Erik Gustafsson Leijonhufvud 00.6.1677
Oxenstierna af Korsholm och Wasa, Bengt Gabrielsson;148;1623;1702;1654;9.12.;31;Uradel (Ancient Nobility), countship 26.3.1651;Father 152, Brothers 154 and 267, Father-in-law 240, Father-in-law II 202, Son-in-law CR;1. Eva Juliana Wachtmeister af Björkö/Hans Wachtmeister (CR)/27.1.1661 2. Magdalena Stenbock/Erik Stenbock (CR)/17.12.1667
Paykull, Göran;160;1605;1657;1654;31.5.;49;Uradel (Ancient Nobility) (Livonia), barony 20.9.1651;Father-in-law 97, Succ. Mat. 261;Sigrid Horn af Åminne/Clas Christersson Horn (CR)/26.9.1652
Ribbing af Zernava, Peder Lindormsson;173;1606;1664;1654;28.2.;48;Uradel (Ancient Nobility), barony 15.2.1654;Father 172;Christina Ryning/Olof Eriksson Ryning/12.10.1634
Soop af Limingo, Carl Mattiasson;188;1621;1655;1654;28.2.;33;Uradel (Ancient Nobility), barony 8.4.1651;Father 191, Father-in-law 143, Succ. Mat. 195;Beata Natt och Dag/Åke Axelsson Natt och Dag (CR)/2.2.1652
Fleming, Erik Henriksson;65;1616;1679;1655;00.9.;39;Uradel (Ancient Nobility), The House of Nobility 1625, 12.5.1654;Father-in-law II 52, Wife's Paternal Grandfather 51;1. Maria Eleonora Soop/Bengt Åkesson Soop/16.7.1643 2. Christina Cruus/Jesper Cruus af Edeby (CR)/24.5.1653
Sparre, Axel Carlsson;192;1620;1679;1655;;35;Uradel (Ancient Nobility), barony 6.3.1647;Paternal Grandfather 193, Father-in-law 152, Father-in-law II 202, Son-in-law 112, Son-in-law CR;1. Margaretha Oxenstierna/Gabriel Bengtsson Oxenstierna (CR) 2. Beata Stenbok/Erik Gustafsson Stenbock (CR)
Bielke, Sten Nilsson;20;1624;1684;1657;7.7.;23;Uradel (Ancient Nobility);Father 18, Brothers 15 and 24, Son-in-law CR;1. Brita Rosladin/Frits Petrovitj (Rosladin) 2. Märta Sparre/Svante Sparre/21.12.1676
Douglas, Robert;58;1611;1662;1657;13.5.;46;Uradel (Ancient Nobility) (Scotland), barony 29.3.1651, countship 28.5.1654;No relatives;Hedvig Mörner/Stellan Otto Mörner/25.11.1645h/1646
Schlippenbach, Christoffer Carl Christoffersson;182;1624;1660;1657;7.7.;33;Uradel (Ancient Nobility) (Livonia), barony and countship 1654;No relatives;Helena Elisabeth Praunfalk/Hans Adam Praunfalk/4.7./8.1650
Rosenhane, Johan Johansson;176;1611;1661;1658;28.4./5.;47;Uradel (Ancient Nobility), barony 18.2.1654;Brother 177, Father-in-law 172;Brita Ribbing/Lindorm Pedersson Ribbing (CR)/30.5.1644
Soop af Limingo, Gustaf Mattiasson;189;1624;1679;1658;22.4.;34;Uradel (Ancient Nobility), barony 8.4.1651;Father 191, Father-in-law 100, Son-in-law CR, Son-in-law II CR;1. Margareta Horn/Gustav Evertsson Horn (CR)/27.4.1658 2. Christina Soop/Göran Åkesson Soop/30.1.1666
Stake, Harald Eriksson;201;1598;1677;1658;22.4.;60;Uradel (Ancient Nobility), barony 4.4.1654;Father-in-law II 14 ;1. Magdalena Sparre af Rossvik/Bengt Göransson Sparre af Rossvik/4.2.1639 2. Carin Bielke/Claes Nilsson Bielke (CR)/10.8.1662
Banér, Svante Svantesson;246;1624;1674;1660;;36;Uradel (Ancient Nobility), barony 20.12.1651;Father 10, Father-in-law 199;Margareta Sparre/Peder Sparre (CR).
Brahe, Nils Nilsson;252;1633;1699;1660;20.2.;27;Uradel (Ancient Nobility);Father (CR), Stepfather 39, Father-in-law 244;Margareta Juliana Wrangel/Carl Gustaf Wrangel (CR)/27.12.1660
Creutz, Lorentz Ernstsson;50;1615;1676;1660;20.2.;45;Uradel (Ancient Nobility), barony 5.6.1654;Brother 49, Son CR;Elsa Duwall/Jakob MacDougall, Baron Duwall/2.10.1639
Horn af Marienborg, Henrik Henriksson;102;1618;1693;1660;20.12.;42;Uradel (Ancient Nobility), 30.4.1651;Father 101, Father-in-law IV 243, Ant. Mat. II 99, Son-in-law CR, Son-in-law CR;1. Margaretha Leijonhufvud/Gustaf Eriksson Leijonhufvud/13.8.1643 2. Kerstin Bååt/Bo Gustavsson Bååt/13.12.1650 3. Emerentia Ribbing/Bengt Ribbin/18.8.1661 4. Beata Wittenberg/Arvid Wittenberg 9.11.1674
Horn, Bengt Claesson;93;1623;1678;1660;20.2.;37;Uradel (Ancient Nobility);Father 97, Brother 94, Father-in-law 197, Father-in-law II 3, Father-in-law III 15, Son-in-law CR;1. Margareta Sparre/Lars Eriksson Sparre (CR)/20.11.1652 2. Ingeborg Banér/Axel Gustafsson Baner (CR)/16.9.1662 3. Margareta Bielke/Gustav Nilsson Bielke (CR) /11.10.1677
Horn, Christer Claesson;94;1622;1692;1660;20.2.;38;Uradel (Ancient Nobility);Father 97, Brother 93, Father-in-law 199, Father-in-law II 254;1. Görvel Sparre/Per Eriksson Sparre (CR)/10.5.1654 2. Anna Elisabet Wrangel af Lindeberg/Johan Mauritz Wrangel af Lindeberg (CR)/9.11.1662
Kurck, Knut Jönsson;112;1622;1690;1660;12.2.;38;Uradel (Ancient Nobility), barony 12.4.1651;Father 111, Father-in-law II 143, Brother 110, Ant. Mat. II 26;1. Lucretia van Stakenbrouch/Tomas van Stakenbrouch/trol. 00.4.1646 2. Barbro Natt och Dag (cousin)/Åke Axelsson Natt och Dag (CR)/00.1.1665 3. Christina Sparre/Axel Carlsson Sparre (CR) /9.6.1681
Posse, Gustaf Knutsson;164;1626;1676;1660;10.2.;34;Uradel (Ancient Nobility), barony 26.3.1651;Father 167, Father-in-law 3, Father-in-law II 11;1. Maria Eleonora Banér/Axel Gustafsson Baner (CR)/2.12.1651 2. Märta Berendes/Johan Berendes of Strömsberg (CR)
Stiernskiöld, Claes Nilsson;211;1617;1676;1660;20.2.;43;Uradel (Ancient Nobility), barony 28.5.1651;Father-in-law 181, Father-in-law III 6;1.Margareta von Scheiding/Filip von Scheiding (CR)/1642 2. Elisabeth Kyle/Erik Kyle 3. Margareta Banér/Per (Peder)Baner /12.7.1661
Banér, Gustaf Carlsson;247;1629;1680;1664;;35;Uradel (Ancient Nobility), barony 20.12.1651;Paternal Grandfather 5, Maternal Grandfather 21, Father-in-law 48;1. Sophia Christina Cruus af Gudhem/Johan Jespersson Cruus af Edeby 2. Anna Christina Bååt/Seved Bosson Bååt (CR)
Kurck, Gustaf Jönsson;110;1624;1689;1664;24.8.;40;Uradel (Ancient Nobility), barony 12.4.1651;Father 111, Father-in-law 3, Brother 112;Elsa Ebba Baner/Axel Gustavsson Baner (CR)/9.8.1654
Rålamb, Claes Brorsson;259;1622;1698;1664;;42;Uradel (Ancient Nobility), barony 25.3.1674;Father-in-law 84, Son-in-law 260;1.  Anna Stålarm/Åke Svantesson Stålarm/14.5.1648 2. Beata Soop/Knut Soop/7.8.1666 3.  Elisabet Gyllenstierna/Erik Gyllenstierna (CR) 1.12.1672
Sparre, Per Persson;261;1633;1669;1664;13.8.;31;Uradel (Ancient Nobility), barony 6.3.1647;Father 199, Father-in-law 97, Ant. Mat. 160;Sigrid Horn/Claes Christersson Horn
Ulfeldt, Ebbe;234;1616;1682;1664;;48;Uradel (Ancient Nobility) (Denmark-Norway), naturalized 1664;Father CR (Denmark);Hedvig af Schlesvig - Holstein/Christian IV King of Denmark
De la Gardie, Pontus Fredrik Jacobsson;255;1630;1692;1666;9.10.;36;Uradel (Ancient Nobility);Father 53, Father-in-law 116, Brother 256;Beata Elisabeth von Königsmarck/Hans Christoffer von Königsmarck (CR)
Gyllenstierna, Göran Göransson;87;1632;1686;1666;19.10.;34;Uradel (Ancient Nobility), countship 16.5.1674 (Postponed by Kings orders);Maternal Grandfather 184, Brother 90, Father-in-law 3, Son CR, Son-in-law CR;Barbro Margaretha Baner/Axel Gustafsson Baner (CR)/11.11.1656
Lewenhaupt, Ludvig Wierich;264;1622;1668;1666;12.10.;44;Uradel (Ancient Nobility);Paternal Grandfather 121, Brother 125, Brother 126, Son CR;Charlotta Susanna Maria zu Hohenlohe-Neuenstein und Gleichen/Krafft zu Hohenlohe-Neuenstein und Gleichen/12.3.1650
Sparre, Gustaf Larsson;195;1625;1689;1666;19.10.;41;Uradel (Ancient Nobility), barony 6.3.1647;Father 197, Brother 194, Father-in-law 143, Ant. Mat. 188;Beata Natt och Dag/Åke Axelsson Natt och Dag (CR)/00.11.1659
Bonde, Tord Ulfsson;258;1619;1683;1668;21.8.;49;Uradel (Ancient Nobility);Father-in-law III 67;1. Anna Wernstedt/Johan Wernstedt 2. Anna Posse/Nils Posse younger 3. Christina Fleming af Liebelitz/Herman Claesson Fleming (CR)
Gyllenstierna, Johan Göransson;90;1635;1680;1668;10.6.;33;Uradel (Ancient Nobility), countship 16.5.1674 (Not introduced to the House of Nobility);Maternal Grandfather 184, Brother 90;Unmarried
Stenbock, Johan Gabriel Fredriksson;266;1640;1705;1668;21.8.;28;Uradel (Ancient Nobility), countship 26.3.1651;Father 204;Unmarried
Gripenhielm, Edmund Nikolausson;260;1622;1675;1673;8.1.;51;Ennobled 1.3.1660, barony 11.1.1673;Father-in-law II 259;1. Barbro Clo (Lanaea)/Johannes Canuti Lanaeus 2. Anna Rålamb/Claes Brorsson Rålamb (CR)
De la Gardie, Gustaf Adolf Magnusson;257;1647;1695;1673;4.10.;26;Uradel (Ancient Nobility);Father 56, Father-in-law 151;Elisabeth Oxenstierna af Södermöre/Erik Oxenstierna
Oxenstierna af Korsholm och Wasa, Gustaf Gabrielsson;267;1626;1693;1673;8.1.;47;Uradel (Ancient Nobility), countship 26.3.1651;Father 152, Brothers 148 and 154;1. Augusta Maria Babezin/N.N/4.5.1665 2.  Barbro Cruus af Edeby/Johan Jespersson Cruus af Edeby/2.4.1679
Torstensson, Anders Lennartsson;222;1641;1686;1673;8.1.;32;Uradel (Ancient Nobility), countship 5.2.1647;Father 223, Father-in-law 207;Christina Catharina Stenbock/Gustaf Otto Stenbock (CR)/10.10.1665
Creutz, Ernst Johan Ernstsson;49;1619;1684;1674;9.3.;55;Uradel (Ancient Nobility), The House of Nobility 1625, barony 5.6.1654;Brother 50, Ant. Mat. III 100, Son CR;1. Anna Silfversparre/Isak Silfversparre/12.7.1646 2. Kristina Posse/Krister Posse/7.6.1668 3. Maria Silfverhielm/Arvid Silfverhielm /1.12.1673
De la Gardie, Axel Julius Jacobsson;256;1637;1710;1674;17.9.;37;Uradel (Ancient Nobility);Father 53, Brother 255, Father-in-law 70, Son CR;Sofia Juliana Forbus/Arvid Forbes (CR)
